TEAM_ID,MISSION_TIME,PACKET_COUNT,MODE,STATE,ALTITUDE,TEMPERATURE,PRESSURE,VOLTAGE,CURRENT,GYRO_R,GYRO_P,GYRO_Y,ACCEL_R,ACCEL_P,ACCEL_Y,GPS_TIME,GPS_ALTITUDE,GPS_LATITUDE,GPS_LONGITUDE,GPS_SATS,CMD_ECHO
1000,12:00:00,1,F,LAUNCH_PAD,0.0,28.0,101.3,4.17,0.3,0.4,-0.79,0.5,-0.66,-0.33,10.98,12:00:00,16.3,37.4219,-122.084,9,
1000,12:00:01,2,F,LAUNCH_PAD,0.0,28.0,101.3,4.18,0.29,-1.33,0.92,0.41,-0.42,0.2,9.34,12:00:01,15.8,37.4219,-122.084,8,
1000,12:00:02,3,F,LAUNCH_PAD,0.0,27.9,101.3,4.18,0.31,1.0,0.45,-0.87,-0.27,0.3,9.92,12:00:02,13.1,37.4219,-122.084,8,
1000,12:00:03,4,F,LAUNCH_PAD,0.0,28.2,101.3,4.19,0.29,-0.63,1.47,-0.73,-0.2,0.1,9.32,12:00:03,11.5,37.4219,-122.084,8,CXON
1000,12:00:04,5,F,LAUNCH_PAD,0.0,28.0,101.3,4.16,0.3,1.0,0.33,-0.08,-0.33,0.44,9.38,12:00:04,14.6,37.4219,-122.084,8,
1000,12:00:05,6,F,LAUNCH_PAD,0.0,27.9,101.3,4.18,0.31,0.51,0.2,0.25,-0.18,0.54,9.59,12:00:05,11.4,37.4219,-122.084,10,
1000,12:00:06,7,F,LAUNCH_PAD,0.0,27.9,101.3,4.18,0.3,-0.55,-0.62,0.76,0.12,-0.18,9.32,12:00:06,10.9,37.4219,-122.084,9,
1000,12:00:07,8,F,LAUNCH_PAD,0.0,28.3,101.3,4.18,0.3,0.52,1.43,-0.66,-0.22,0.18,10.19,12:00:07,19.0,37.4219,-122.084,9,
1000,12:00:08,9,F,LAUNCH_PAD,0.0,28.4,101.3,4.16,0.3,0.45,-0.46,-0.33,0.3,-0.31,10.2,12:00:08,15.2,37.4219,-122.084,9,
1000,12:00:09,10,F,LAUNCH_PAD,0.0,28.2,101.3,4.17,0.32,-0.17,1.09,-0.74,-0.17,0.38,10.42,12:00:09,14.1,37.4219,-122.084,9,
1000,12:00:10,11,F,LAUNCH_PAD,0.0,28.1,101.4,4.18,0.32,1.07,-0.51,1.41,0.36,0.34,9.66,12:00:10,12.8,37.4219,-122.084,8,STGPS
1000,12:00:11,12,F,LAUNCH_PAD,0.0,28.4,101.4,4.19,0.3,-1.56,-1.38,-0.02,-0.06,0.05,9.58,12:00:11,13.7,37.4219,-122.084,8,
1000,12:00:12,13,F,LAUNCH_PAD,0.0,27.7,101.3,4.18,0.31,-1.43,0.71,0.44,0.11,-0.13,8.95,12:00:12,16.1,37.4219,-122.084,10,
1000,12:00:13,14,F,LAUNCH_PAD,0.0,27.9,101.3,4.17,0.31,0.27,-0.16,0.22,0.52,-0.18,10.26,12:00:13,20.2,37.4219,-122.084,10,
1000,12:00:14,15,F,LAUNCH_PAD,0.0,28.2,101.3,4.2,0.32,-0.96,-2.0,1.06,0.14,0.33,10.19,12:00:14,12.8,37.4219,-122.084,9,
1000,12:00:15,16,F,LAUNCH_PAD,0.0,28.0,101.4,4.17,0.32,0.09,-0.79,0.01,-0.1,0.01,9.68,12:00:15,12.9,37.4219,-122.084,9,
1000,12:00:16,17,F,LAUNCH_PAD,0.0,28.0,101.3,4.18,0.32,0.88,2.17,-1.01,-0.4,0.12,10.05,12:00:16,15.3,37.4219,-122.084,10,
1000,12:00:17,18,F,LAUNCH_PAD,0.0,27.9,101.3,4.18,0.31,0.7,-0.36,1.34,0.15,-0.56,9.85,12:00:17,12.7,37.4218,-122.084,9,
1000,12:00:18,19,F,LAUNCH_PAD,0.0,28.2,101.3,4.17,0.31,-0.34,-0.84,0.88,0.07,0.09,9.8,12:00:18,6.1,37.4218,-122.084,10,CAL
1000,12:00:19,20,F,LAUNCH_PAD,0.0,27.8,101.3,4.18,0.31,1.34,-0.15,0.2,-0.49,0.17,9.86,12:00:19,16.1,37.4218,-122.084,10,
1000,12:00:20,21,F,ASCENT,0.3,27.9,101.3,4.18,0.32,1.03,0.35,-0.49,0.31,-0.15,20.27,12:00:20,14.8,37.4218,-122.084,9,
1000,12:00:21,22,F,ASCENT,0.1,28.0,101.3,4.18,0.31,-2.13,-0.65,-0.94,-0.04,-0.3,19.75,12:00:21,18.6,37.4219,-122.084,9,
1000,12:00:22,23,F,ASCENT,0.3,28.1,101.3,4.17,0.31,-0.29,2.74,-1.41,-0.16,-0.4,17.66,12:00:22,12.8,37.4219,-122.084,11,
1000,12:00:23,24,F,ASCENT,1.6,28.2,101.3,4.17,0.31,0.36,-0.69,0.77,0.17,0.43,18.14,12:00:23,14.3,37.4219,-122.084,9,
1000,12:00:24,25,F,ASCENT,0.6,28.1,101.3,4.18,0.31,-1.92,-1.31,0.6,-0.0,0.14,18.24,12:00:24,13.6,37.4218,-122.084,9,
1000,12:00:25,26,F,ASCENT,2.0,27.9,101.3,4.16,0.32,-3.31,-0.89,0.59,0.56,0.42,17.35,12:00:25,16.3,37.4218,-122.084,7,
1000,12:00:26,27,F,ASCENT,4.6,28.4,101.3,4.18,0.31,-1.8,0.17,-1.11,-0.14,0.45,16.38,12:00:26,19.9,37.4219,-122.084,8,
1000,12:00:27,28,F,ASCENT,5.9,28.3,101.3,4.16,0.31,0.59,1.13,0.41,-0.3,-0.03,14.68,12:00:27,25.2,37.4219,-122.084,10,
1000,12:00:28,29,F,ASCENT,6.4,27.9,101.3,4.18,0.31,0.29,2.21,0.05,-0.21,-0.12,15.42,12:00:28,20.1,37.4219,-122.084,11,
1000,12:00:29,30,F,ASCENT,7.4,28.1,101.2,4.16,0.33,-4.35,-0.42,-0.85,-0.06,0.39,14.71,12:00:29,11.0,37.4219,-122.084,10,
1000,12:00:30,31,F,ASCENT,9.4,28.1,101.2,4.19,0.33,0.44,-4.45,1.45,0.03,0.23,12.67,12:00:30,22.8,37.4219,-122.084,11,
1000,12:00:31,32,F,ASCENT,11.9,27.8,101.2,4.15,0.33,4.54,-0.83,-0.47,0.51,-0.53,14.48,12:00:31,30.8,37.4219,-122.084,10,
1000,12:00:32,33,F,ASCENT,15.0,28.0,101.1,4.17,0.3,-4.18,1.13,2.31,-0.05,0.37,14.28,12:00:32,30.8,37.4219,-122.084,10,
1000,12:00:33,34,F,ASCENT,17.5,27.9,101.1,4.18,0.32,0.35,1.57,1.5,-0.04,-0.23,14.84,12:00:33,29.6,37.4219,-122.084,10,
1000,12:00:34,35,F,ASCENT,21.0,27.8,101.1,4.18,0.33,-2.7,-1.34,-0.47,-0.59,-0.09,14.66,12:00:34,41.2,37.4219,-122.084,8,
1000,12:00:35,36,F,ASCENT,22.1,27.8,101.1,4.19,0.32,-1.49,-1.95,1.54,-0.12,0.01,12.88,12:00:35,38.8,37.4219,-122.084,10,
1000,12:00:36,37,F,ASCENT,26.1,27.7,101.0,4.17,0.31,0.94,0.84,-0.87,0.41,-0.43,12.14,12:00:36,41.7,37.4218,-122.084,11,
1000,12:00:37,38,F,ASCENT,29.8,27.9,101.0,4.19,0.31,0.4,-0.04,-1.13,-0.03,-0.06,11.93,12:00:37,43.9,37.4219,-122.084,10,
1000,12:00:38,39,F,ASCENT,33.5,28.0,100.9,4.17,0.31,-1.85,0.25,-0.32,0.34,-0.14,12.79,12:00:38,51.6,37.4218,-122.084,9,
1000,12:00:39,40,F,ASCENT,37.2,27.7,100.9,4.17,0.32,0.85,-1.27,-1.28,-0.26,-0.25,12.29,12:00:39,49.7,37.4218,-122.084,11,
1000,12:00:40,41,F,ASCENT,41.9,27.7,100.8,4.18,0.32,1.41,-0.62,0.55,0.54,0.37,11.17,12:00:40,60.6,37.4218,-122.084,9,
1000,12:00:41,42,F,ASCENT,44.1,27.6,100.8,4.18,0.31,0.54,0.39,1.58,-0.24,0.31,12.82,12:00:41,59.8,37.4218,-122.084,9,
1000,12:00:42,43,F,ASCENT,49.2,27.7,100.7,4.18,0.32,-1.3,2.49,-0.62,-0.2,-0.23,12.61,12:00:42,65.3,37.4218,-122.084,11,
1000,12:00:43,44,F,ASCENT,53.8,27.4,100.7,4.18,0.34,1.54,2.36,0.22,0.15,0.65,10.77,12:00:43,72.5,37.4218,-122.084,9,
1000,12:00:44,45,F,ASCENT,58.3,27.7,100.6,4.15,0.32,-1.04,1.19,0.08,-0.28,-0.33,11.38,12:00:44,72.1,37.4218,-122.084,10,
1000,12:00:45,46,F,ASCENT,62.5,27.6,100.6,4.17,0.34,-2.38,-1.74,1.64,0.16,0.03,11.12,12:00:45,79.6,37.4218,-122.084,9,
1000,12:00:46,47,F,ASCENT,67.9,27.6,100.5,4.17,0.32,-1.86,0.84,0.47,-0.16,-0.44,9.96,12:00:46,83.7,37.4218,-122.084,9,
1000,12:00:47,48,F,ASCENT,74.9,27.4,100.4,4.18,0.34,-2.02,-0.75,-0.09,-0.06,0.12,10.67,12:00:47,91.1,37.4218,-122.084,9,
1000,12:00:48,49,F,ASCENT,79.0,27.9,100.4,4.17,0.34,-2.36,-0.18,1.64,-0.46,-0.48,11.84,12:00:48,92.7,37.4218,-122.084,8,
1000,12:00:49,50,F,ASCENT,85.4,27.0,100.3,4.17,0.32,-0.36,-0.39,0.12,-0.02,0.02,10.99,12:00:49,100.9,37.4218,-122.084,11,
1000,12:00:50,51,F,ASCENT,90.8,27.2,100.2,4.17,0.31,1.14,2.37,-1.04,0.13,0.84,10.66,12:00:50,109.8,37.4219,-122.084,11,
1000,12:00:51,52,F,ASCENT,97.6,27.3,100.1,4.17,0.32,0.69,-2.91,-2.1,-0.14,0.13,10.26,12:00:51,109.0,37.4218,-122.084,11,
1000,12:00:52,53,F,ASCENT,103.8,27.5,100.1,4.18,0.3,1.56,-1.11,0.14,0.03,0.44,11.67,12:00:52,120.1,37.4219,-122.084,12,
1000,12:00:53,54,F,ASCENT,110.7,27.3,100.0,4.16,0.32,1.83,-0.92,-0.75,-0.55,-0.41,11.65,12:00:53,127.8,37.4219,-122.084,10,
1000,12:00:54,55,F,ASCENT,117.8,27.4,99.9,4.18,0.32,-1.27,-1.81,-1.32,0.18,-0.5,11.07,12:00:54,129.8,37.4219,-122.084,8,
1000,12:00:55,56,F,ASCENT,122.7,27.0,99.9,4.16,0.3,-0.98,-0.36,0.26,0.04,0.54,9.82,12:00:55,136.0,37.4219,-122.084,10,
1000,12:00:56,57,F,ASCENT,131.2,27.1,99.7,4.18,0.31,-0.44,-2.36,-0.09,-0.05,0.22,11.19,12:00:56,143.7,37.4219,-122.084,10,
1000,12:00:57,58,F,ASCENT,139.6,27.2,99.7,4.17,0.32,0.07,-2.54,-0.07,0.37,-0.33,10.23,12:00:57,153.1,37.4218,-122.084,9,
1000,12:00:58,59,F,ASCENT,147.2,27.2,99.6,4.16,0.32,3.36,-2.78,-1.04,-0.33,0.05,11.68,12:00:58,160.6,37.4219,-122.084,11,
1000,12:00:59,60,F,ASCENT,153.7,27.0,99.5,4.16,0.33,1.48,0.15,0.4,0.0,-0.26,9.33,12:00:59,165.9,37.4219,-122.084,10,
1000,12:01:00,61,F,ASCENT,162.2,26.9,99.4,4.16,0.31,0.61,0.96,-0.02,0.89,0.25,9.72,12:01:00,178.4,37.4218,-122.084,10,
1000,12:01:01,62,F,ASCENT,170.4,26.9,99.3,4.17,0.3,-0.61,2.12,0.35,0.24,-0.41,10.52,12:01:01,190.5,37.4219,-122.084,10,
1000,12:01:02,63,F,ASCENT,178.6,26.8,99.2,4.17,0.3,0.36,-0.45,1.61,-0.27,0.15,10.74,12:01:02,193.2,37.4219,-122.084,8,
1000,12:01:03,64,F,ASCENT,187.2,26.7,99.1,4.18,0.31,-0.24,-0.93,0.27,-0.18,-0.1,9.56,12:01:03,203.7,37.4219,-122.084,10,
1000,12:01:04,65,F,ASCENT,196.7,26.3,99.0,4.17,0.31,1.5,-3.24,1.29,0.11,-0.38,8.99,12:01:04,214.8,37.4219,-122.084,10,
1000,12:01:05,66,F,ASCENT,205.0,26.7,98.9,4.17,0.3,-0.66,0.88,1.92,0.37,-0.09,8.28,12:01:05,214.3,37.4219,-122.084,9,
1000,12:01:06,67,F,ASCENT,215.1,26.6,98.8,4.18,0.31,-1.64,2.66,0.39,-0.43,0.04,10.91,12:01:06,232.3,37.4219,-122.084,10,
1000,12:01:07,68,F,ASCENT,222.3,26.6,98.7,4.17,0.31,-1.05,1.02,-1.5,-0.06,-0.42,9.26,12:01:07,237.2,37.4219,-122.084,10,
1000,12:01:08,69,F,ASCENT,233.1,26.1,98.5,4.17,0.3,-4.43,-0.74,0.13,-0.13,-0.44,11.51,12:01:08,251.5,37.4219,-122.084,12,
1000,12:01:09,70,F,ASCENT,242.5,26.2,98.4,4.16,0.3,0.56,-1.05,1.0,-0.29,0.02,11.02,12:01:09,255.9,37.4219,-122.084,10,
1000,12:01:10,71,F,ASCENT,252.6,26.5,98.3,4.16,0.3,-2.81,-0.14,0.18,0.04,0.27,9.65,12:01:10,265.3,37.4219,-122.084,11,
1000,12:01:11,72,F,ASCENT,263.4,25.9,98.2,4.17,0.32,1.32,-2.14,0.6,0.08,-0.33,10.61,12:01:11,280.2,37.4219,-122.084,11,
1000,12:01:12,73,F,ASCENT,275.0,26.1,98.1,4.16,0.29,1.13,0.19,0.29,0.06,-0.74,8.76,12:01:12,292.5,37.4219,-122.084,11,
1000,12:01:13,74,F,ASCENT,284.6,26.0,98.0,4.15,0.31,-0.01,-1.45,-1.34,0.67,-0.18,7.67,12:01:13,298.6,37.4219,-122.084,9,
1000,12:01:14,75,F,ASCENT,294.9,26.0,97.9,4.18,0.3,-1.56,0.16,-0.5,-0.64,0.45,10.69,12:01:14,313.7,37.4219,-122.084,11,
1000,12:01:15,76,F,ASCENT,306.2,25.7,97.7,4.16,0.32,-1.43,0.04,0.16,0.44,-0.16,10.45,12:01:15,323.0,37.4219,-122.084,10,
1000,12:01:16,77,F,ASCENT,316.4,25.7,97.6,4.16,0.3,0.68,-1.5,1.99,-0.08,-0.21,10.4,12:01:16,329.1,37.4219,-122.084,10,
1000,12:01:17,78,F,ASCENT,328.6,25.8,97.4,4.17,0.34,1.84,0.69,-0.45,-0.13,-0.13,9.52,12:01:17,339.6,37.4219,-122.084,11,
1000,12:01:18,79,F,ASCENT,340.5,25.9,97.3,4.15,0.31,-2.48,0.05,-0.38,0.21,0.18,8.68,12:01:18,355.9,37.4219,-122.084,11,
1000,12:01:19,80,F,ASCENT,352.8,25.5,97.2,4.16,0.33,3.45,-0.91,-1.14,0.41,-0.32,8.68,12:01:19,371.6,37.4219,-122.084,10,
1000,12:01:20,81,F,ASCENT,363.4,25.5,97.1,4.15,0.33,0.88,0.86,-2.13,-0.35,0.02,9.82,12:01:20,376.9,37.4219,-122.084,10,
1000,12:01:21,82,F,ASCENT,376.9,25.6,96.9,4.17,0.3,-0.29,-2.62,1.42,-0.12,0.29,8.87,12:01:21,397.5,37.4219,-122.084,8,
1000,12:01:22,83,F,ASCENT,389.9,25.1,96.8,4.14,0.3,0.81,-0.38,-1.16,0.03,-0.08,10.23,12:01:22,400.5,37.4219,-122.084,10,
1000,12:01:23,84,F,ASCENT,401.5,25.3,96.6,4.17,0.31,1.07,3.05,-1.0,-0.2,-0.45,8.71,12:01:23,416.6,37.4219,-122.084,9,
1000,12:01:24,85,F,ASCENT,415.0,25.5,96.5,4.17,0.32,-0.27,-2.5,0.2,-0.02,-0.34,9.63,12:01:24,426.9,37.4219,-122.084,11,
1000,12:01:25,86,F,ASCENT,427.4,25.7,96.3,4.15,0.32,-0.57,2.27,0.14,-0.39,0.02,9.94,12:01:25,440.4,37.4218,-122.084,11,
1000,12:01:26,87,F,ASCENT,442.2,25.3,96.1,4.17,0.32,-1.61,1.53,-0.52,0.7,0.08,9.99,12:01:26,459.5,37.4218,-122.084,9,
1000,12:01:27,88,F,ASCENT,453.7,25.1,96.0,4.16,0.32,1.27,-0.57,0.68,-0.18,-0.07,10.2,12:01:27,466.8,37.4218,-122.084,12,
1000,12:01:28,89,F,ASCENT,469.1,25.0,95.8,4.16,0.33,0.96,1.6,-0.31,0.23,-0.47,9.12,12:01:28,482.8,37.4218,-122.084,10,
1000,12:01:29,90,F,ASCENT,481.4,24.7,95.7,4.15,0.32,1.45,2.15,2.31,-0.06,0.03,10.39,12:01:29,495.9,37.4218,-122.084,10,
1000,12:01:30,91,F,ASCENT,496.9,24.7,95.5,4.15,0.31,-1.3,0.96,-0.25,0.42,0.01,10.09,12:01:30,512.4,37.4219,-122.084,10,
1000,12:01:31,92,F,ASCENT,510.0,24.6,95.4,4.16,0.32,-2.27,3.17,0.43,0.22,0.14,11.11,12:01:31,526.4,37.4218,-122.084,11,
1000,12:01:32,93,F,ASCENT,525.3,24.6,95.2,4.15,0.32,-0.73,2.5,-0.64,-0.63,0.35,8.88,12:01:32,541.7,37.4219,-122.084,11,
1000,12:01:33,94,F,ASCENT,539.3,24.3,95.0,4.18,0.33,0.1,5.15,-0.28,-0.05,0.14,11.26,12:01:33,551.5,37.4219,-122.084,11,
1000,12:01:34,95,F,ASCENT,554.5,24.1,94.9,4.16,0.32,-1.71,0.57,-0.29,0.1,-0.33,12.67,12:01:34,568.8,37.4219,-122.084,11,
1000,12:01:35,96,F,ASCENT,568.6,24.6,94.7,4.15,0.33,1.25,-1.94,0.65,0.25,0.63,9.29,12:01:35,579.6,37.4219,-122.084,11,
1000,12:01:36,97,F,ASCENT,584.5,24.0,94.5,4.15,0.3,1.58,-1.14,1.48,-0.07,0.47,7.75,12:01:36,604.2,37.4219,-122.084,11,
1000,12:01:37,98,F,ASCENT,599.0,24.1,94.4,4.17,0.33,-1.04,-0.98,-0.53,-0.12,-0.1,10.77,12:01:37,615.1,37.4219,-122.084,12,
1000,12:01:38,99,F,ASCENT,615.9,24.0,94.2,4.15,0.32,-0.22,-2.06,0.6,-0.28,0.06,9.98,12:01:38,636.9,37.4219,-122.084,11,
1000,12:01:39,100,F,ASCENT,631.0,24.3,94.0,4.17,0.32,1.61,3.37,-2.68,-0.11,0.62,9.87,12:01:39,648.5,37.4219,-122.084,11,
1000,12:01:40,101,F,ASCENT,647.9,23.7,93.8,4.16,0.33,1.6,-2.02,-0.72,0.02,0.12,9.77,12:01:40,660.4,37.4219,-122.0839,10,
1000,12:01:41,102,F,ASCENT,663.9,23.8,93.7,4.16,0.32,3.65,-0.19,-0.9,-0.12,-0.43,8.8,12:01:41,677.7,37.4219,-122.084,10,
1000,12:01:42,103,F,ASCENT,681.3,23.1,93.5,4.15,0.33,2.77,-1.45,-0.36,0.5,-0.21,11.33,12:01:42,695.5,37.4219,-122.0839,12,
1000,12:01:43,104,F,ASCENT,697.8,23.4,93.3,4.15,0.33,2.58,1.43,0.25,0.26,0.17,10.59,12:01:43,708.2,37.4219,-122.0839,10,
1000,12:01:44,105,F,ASCENT,714.3,23.2,93.1,4.15,0.35,0.85,2.72,0.38,-0.28,0.4,10.02,12:01:44,727.3,37.4219,-122.0839,11,
1000,12:01:45,106,F,ASCENT,731.3,23.2,92.9,4.13,0.31,2.09,2.41,-0.57,-0.21,-0.06,10.57,12:01:45,747.3,37.4219,-122.0839,8,
1000,12:01:46,107,F,ASCENT,749.8,23.1,92.7,4.18,0.31,-0.03,0.14,1.44,-0.23,-0.31,9.99,12:01:46,765.5,37.4219,-122.0839,9,
1000,12:01:47,108,F,ASCENT,767.0,22.8,92.5,4.16,0.31,-0.97,-2.99,0.18,0.2,0.11,9.4,12:01:47,786.7,37.4219,-122.0839,10,
1000,12:01:48,109,F,ASCENT,783.9,22.9,92.3,4.16,0.31,2.63,1.82,-1.21,-0.04,0.16,10.56,12:01:48,793.8,37.4219,-122.0839,9,
1000,12:01:49,110,F,ASCENT,802.1,22.5,92.1,4.16,0.32,0.82,1.13,1.15,0.23,0.1,10.2,12:01:49,815.1,37.4219,-122.0839,10,
1000,12:01:50,111,F,APOGEE,820.6,22.5,91.9,4.17,0.31,2.02,0.46,-0.67,-0.05,0.12,10.08,12:01:50,836.8,37.4219,-122.0839,11,
1000,12:01:51,112,F,APOGEE,819.4,22.9,91.9,4.15,0.33,-0.76,0.12,0.59,0.43,-0.31,9.57,12:01:51,830.5,37.4219,-122.0839,10,
1000,12:01:52,113,F,APOGEE,822.5,22.9,91.9,4.15,0.31,-1.62,-0.37,-1.33,-0.02,-0.14,9.8,12:01:52,839.3,37.4219,-122.0839,9,
1000,12:01:53,114,F,APOGEE,819.9,22.5,91.9,4.17,0.31,0.5,-0.19,0.78,0.25,0.41,10.22,12:01:53,836.3,37.4219,-122.0839,9,
1000,12:01:54,115,F,APOGEE,820.0,22.6,92.0,4.15,0.33,2.3,0.05,0.21,-0.28,-0.2,9.99,12:01:54,833.1,37.4219,-122.0839,10,
1000,12:01:55,116,F,APOGEE,820.2,22.7,91.9,4.16,0.32,0.27,0.99,-0.7,-0.11,-0.17,9.47,12:01:55,834.0,37.4219,-122.0839,10,
1000,12:01:56,117,F,APOGEE,820.0,22.7,91.9,4.16,0.32,-1.09,-0.33,-0.83,-0.71,0.18,9.83,12:01:56,837.2,37.4219,-122.0839,10,
1000,12:01:57,118,F,APOGEE,819.7,22.4,91.9,4.16,0.32,0.17,-1.54,-0.47,-0.4,0.52,9.68,12:01:57,826.5,37.4219,-122.0839,12,
1000,12:01:58,119,F,APOGEE,820.0,22.9,91.9,4.17,0.32,-0.53,0.12,1.05,-0.0,-0.17,10.13,12:01:58,837.4,37.4219,-122.0839,9,
1000,12:01:59,120,F,APOGEE,819.8,22.8,91.9,4.16,0.33,-0.05,0.45,-0.02,-0.02,0.19,9.17,12:01:59,828.4,37.4219,-122.0839,12,
1000,12:02:00,121,F,APOGEE,820.0,22.5,91.9,4.14,0.3,1.28,1.02,-0.17,-0.06,0.36,9.81,12:02:00,830.5,37.4219,-122.0839,10,
1000,12:02:01,122,F,APOGEE,821.1,22.3,91.9,4.15,0.31,1.76,-1.06,1.26,0.09,0.44,9.99,12:02:01,837.6,37.4219,-122.0839,11,
1000,12:02:02,123,F,APOGEE,818.5,22.8,92.0,4.15,0.34,0.49,0.08,0.04,-0.26,0.08,9.97,12:02:02,836.5,37.4219,-122.0839,11,
1000,12:02:03,124,F,APOGEE,822.1,22.6,91.9,4.14,0.32,0.1,0.31,-1.83,-0.48,-0.05,10.08,12:02:03,829.4,37.4219,-122.0839,10,
1000,12:02:04,125,F,APOGEE,820.4,22.6,92.0,4.17,0.32,0.1,1.59,0.13,-0.39,0.12,9.94,12:02:04,831.5,37.4219,-122.0839,9,
1000,12:02:05,126,F,DESCENT,819.5,22.4,92.0,4.14,0.31,-2.36,-4.18,-0.94,-0.09,0.24,9.94,12:02:05,833.4,37.4219,-122.0839,10,
1000,12:02:06,127,F,DESCENT,821.0,22.6,91.9,4.16,0.31,-3.16,-1.43,-0.12,-0.13,-0.09,9.7,12:02:06,838.4,37.4219,-122.0839,11,
1000,12:02:07,128,F,DESCENT,821.1,22.7,91.9,4.13,0.29,-2.4,-0.92,1.86,0.36,0.28,11.55,12:02:07,834.0,37.4219,-122.0839,9,
1000,12:02:08,129,F,DESCENT,821.0,22.6,91.9,4.15,0.3,-2.16,0.94,1.22,0.28,0.25,9.56,12:02:08,829.9,37.4219,-122.0839,9,
1000,12:02:09,130,F,DESCENT,817.0,23.2,92.0,4.14,0.32,-1.86,-0.16,0.45,0.13,-0.1,11.46,12:02:09,828.6,37.4219,-122.0839,10,
1000,12:02:10,131,F,DESCENT,812.5,22.7,92.0,4.15,0.3,-0.39,-2.44,0.29,-0.15,-0.42,11.1,12:02:10,826.7,37.4219,-122.0839,11,
1000,12:02:11,132,F,DESCENT,806.6,22.4,92.1,4.15,0.29,0.57,-3.09,-0.48,-0.06,-0.12,10.53,12:02:11,823.2,37.4219,-122.0839,10,
1000,12:02:12,133,F,DESCENT,800.1,22.8,92.2,4.16,0.31,-3.08,-1.66,0.37,0.44,0.48,11.52,12:02:12,814.7,37.4219,-122.0839,9,
1000,12:02:13,134,F,DESCENT,792.3,22.8,92.2,4.14,0.3,-0.53,-1.73,1.25,-0.62,0.32,11.36,12:02:13,806.0,37.4219,-122.0839,9,
1000,12:02:14,135,F,DESCENT,787.3,23.0,92.3,4.15,0.31,-3.23,-6.6,-0.05,0.06,0.53,11.73,12:02:14,799.7,37.4219,-122.0839,9,
1000,12:02:15,136,F,DESCENT,783.2,22.6,92.4,4.15,0.29,-4.44,-1.41,-0.49,0.04,0.06,11.06,12:02:15,799.0,37.4219,-122.0839,11,
1000,12:02:16,137,F,DESCENT,781.3,23.2,92.4,4.15,0.3,1.73,-2.29,0.09,-0.15,-0.24,11.01,12:02:16,795.2,37.4219,-122.0839,10,
1000,12:02:17,138,F,DESCENT,780.1,22.9,92.4,4.16,0.3,-0.85,-3.89,1.54,-0.11,0.06,11.89,12:02:17,793.1,37.4219,-122.0839,10,
1000,12:02:18,139,F,DESCENT,780.0,23.1,92.3,4.14,0.33,-0.17,-2.96,-1.44,-0.22,-0.21,11.54,12:02:18,791.9,37.4219,-122.0839,11,
1000,12:02:19,140,F,DESCENT,781.6,23.2,92.4,4.15,0.3,0.15,-1.4,0.01,0.12,-0.44,10.39,12:02:19,797.0,37.4219,-122.0839,10,
1000,12:02:20,141,F,DESCENT,782.8,22.8,92.3,4.13,0.31,-1.35,-0.98,0.24,-0.22,-0.42,10.66,12:02:20,793.2,37.4219,-122.0839,9,
1000,12:02:21,142,F,DESCENT,782.2,23.2,92.3,4.16,0.3,1.4,-3.22,0.69,-0.28,-0.76,8.54,12:02:21,795.0,37.4219,-122.0839,9,
1000,12:02:22,143,F,DESCENT,778.2,22.8,92.4,4.13,0.32,-2.2,-3.18,-2.1,-0.39,-0.5,9.89,12:02:22,796.5,37.4219,-122.0839,8,
1000,12:02:23,144,F,DESCENT,777.7,22.8,92.4,4.15,0.3,-0.24,1.94,2.38,-0.13,0.04,9.54,12:02:23,792.0,37.4219,-122.0839,10,
1000,12:02:24,145,F,DESCENT,774.1,22.6,92.4,4.14,0.3,0.6,-0.69,0.38,0.21,-0.11,9.41,12:02:24,786.4,37.4219,-122.0839,8,
1000,12:02:25,146,F,DESCENT,766.9,23.0,92.5,4.15,0.32,2.75,-3.18,0.03,0.09,0.26,8.13,12:02:25,785.5,37.4219,-122.0839,10,
1000,12:02:26,147,F,DESCENT,761.6,23.3,92.6,4.14,0.3,-0.51,1.21,0.54,0.56,-0.03,10.04,12:02:26,779.9,37.4219,-122.0839,9,
1000,12:02:27,148,F,DESCENT,756.0,23.1,92.6,4.15,0.32,3.05,0.1,-0.14,0.88,-0.25,8.18,12:02:27,769.3,37.4219,-122.0839,9,
1000,12:02:28,149,F,DESCENT,749.0,23.1,92.7,4.15,0.32,-0.44,1.84,0.58,-0.41,0.39,7.07,12:02:28,766.0,37.4219,-122.0839,9,
1000,12:02:29,150,F,DESCENT,745.7,23.3,92.8,4.15,0.32,2.25,-0.52,0.21,0.27,0.77,7.77,12:02:29,757.4,37.4219,-122.0839,10,
1000,12:02:30,151,F,DESCENT,744.0,23.3,92.8,4.16,0.33,2.64,1.85,-1.14,0.3,0.14,8.26,12:02:30,759.6,37.4219,-122.0839,9,
1000,12:02:31,152,F,DESCENT,741.7,23.4,92.8,4.15,0.31,2.86,1.01,0.54,-0.26,-0.48,7.81,12:02:31,751.2,37.4219,-122.0839,9,
1000,12:02:32,153,F,DESCENT,741.4,23.0,92.8,4.15,0.33,1.89,-0.31,0.42,-0.54,-0.31,7.17,12:02:32,757.7,37.4219,-122.0839,7,
1000,12:02:33,154,F,DESCENT,741.9,23.3,92.8,4.15,0.31,3.27,1.15,0.14,0.28,0.06,9.87,12:02:33,753.8,37.4219,-122.0839,9,
1000,12:02:34,155,F,DESCENT,743.3,22.9,92.8,4.15,0.31,-0.63,3.41,1.19,0.17,0.3,9.23,12:02:34,757.8,37.4219,-122.0839,10,
1000,12:02:35,156,F,DESCENT,743.4,23.2,92.8,4.13,0.31,4.13,0.55,0.43,0.09,0.03,8.64,12:02:35,756.9,37.4219,-122.0839,9,
1000,12:02:36,157,F,DESCENT,741.5,23.2,92.8,4.15,0.33,3.66,2.17,0.95,-0.3,0.13,8.96,12:02:36,753.2,37.4219,-122.0839,9,
1000,12:02:37,158,F,DESCENT,740.0,23.0,92.9,4.15,0.31,1.3,-1.03,-0.35,0.41,0.22,9.97,12:02:37,749.9,37.4219,-122.0839,10,
1000,12:02:38,159,F,DESCENT,733.4,23.2,92.9,4.15,0.3,-0.81,3.49,0.53,-0.38,0.48,9.73,12:02:38,748.7,37.4219,-122.0839,11,
1000,12:02:39,160,F,DESCENT,729.3,23.4,93.0,4.14,0.3,4.18,4.45,1.47,-0.04,0.19,11.58,12:02:39,740.9,37.4219,-122.0839,8,
1000,12:02:40,161,F,DESCENT,721.1,23.3,93.0,4.13,0.34,3.14,2.52,0.23,-0.46,0.23,9.84,12:02:40,740.1,37.4219,-122.0839,8,
1000,12:02:41,162,F,DESCENT,716.5,23.1,93.1,4.13,0.32,-1.44,4.7,1.68,-0.38,0.25,10.67,12:02:41,729.0,37.4219,-122.0839,9,
1000,12:02:42,163,F,DESCENT,711.7,23.3,93.1,4.15,0.32,3.07,2.79,1.45,-0.24,-0.27,8.91,12:02:42,726.4,37.4219,-122.0839,9,
1000,12:02:43,164,F,DESCENT,707.0,22.8,93.2,4.16,0.31,2.2,3.08,-0.96,0.21,0.15,11.63,12:02:43,722.5,37.4219,-122.0839,9,
1000,12:02:44,165,F,DESCENT,704.5,23.5,93.2,4.15,0.33,-0.34,-0.1,1.7,0.02,0.31,11.05,12:02:44,714.2,37.4219,-122.0839,9,
1000,12:02:45,166,F,DESCENT,703.1,23.4,93.2,4.14,0.32,0.17,0.28,-1.03,-0.17,0.14,11.46,12:02:45,720.6,37.4219,-122.0839,10,
1000,12:02:46,167,F,DESCENT,703.4,23.3,93.2,4.15,0.31,2.47,1.31,1.3,-0.1,0.05,11.27,12:02:46,718.4,37.4219,-122.0839,9,
1000,12:02:47,168,F,DESCENT,702.8,23.4,93.2,4.15,0.32,0.75,1.9,-0.7,-0.08,0.38,11.34,12:02:47,715.0,37.4219,-122.0839,9,
1000,12:02:48,169,F,DESCENT,702.6,23.6,93.2,4.15,0.32,-2.04,1.88,-1.28,-0.17,-0.35,11.55,12:02:48,718.7,37.4219,-122.0839,9,
1000,12:02:49,170,F,DESCENT,704.8,23.2,93.2,4.14,0.32,-1.9,-0.84,0.11,0.01,-0.02,11.87,12:02:49,721.7,37.4219,-122.0839,8,
1000,12:02:50,171,F,DESCENT,703.1,23.5,93.2,4.13,0.33,-4.13,-0.43,-0.07,0.04,-0.07,10.64,12:02:50,717.5,37.4219,-122.0839,9,
1000,12:02:51,172,F,DESCENT,697.3,23.3,93.3,4.13,0.31,-1.94,4.38,-0.73,-0.43,0.61,9.85,12:02:51,707.3,37.4219,-122.0839,10,
1000,12:02:52,173,F,DESCENT,696.4,23.5,93.3,4.13,0.33,-0.89,1.92,-1.06,-0.29,0.51,10.27,12:02:52,712.5,37.4219,-122.0839,10,
1000,12:02:53,174,F,DESCENT,689.1,23.6,93.4,4.13,0.3,-3.86,-0.71,-0.2,0.17,-0.16,9.33,12:02:53,710.0,37.4219,-122.0839,9,
1000,12:02:54,175,F,DESCENT,681.4,23.5,93.5,4.14,0.32,-3.23,0.37,1.07,-0.4,0.33,8.52,12:02:54,697.9,37.4219,-122.0839,9,
1000,12:02:55,176,F,DESCENT,676.4,23.5,93.5,4.13,0.33,-3.48,-1.33,-0.61,0.27,0.19,9.25,12:02:55,690.9,37.4219,-122.0839,8,
1000,12:02:56,177,F,DESCENT,672.7,23.8,93.6,4.13,0.32,-2.12,-0.57,0.12,-0.38,-0.14,7.88,12:02:56,688.7,37.4219,-122.0839,9,
1000,12:02:57,178,F,DESCENT,668.3,24.1,93.6,4.15,0.33,-1.79,-1.37,0.2,-0.03,-0.97,10.22,12:02:57,680.2,37.4219,-122.0839,9,
1000,12:02:58,179,F,DESCENT,662.5,23.6,93.7,4.14,0.3,-4.43,-0.73,-1.75,0.16,0.17,9.01,12:02:58,672.2,37.4219,-122.0839,9,
1000,12:02:59,180,F,DESCENT,664.9,23.1,93.7,4.14,0.32,-2.32,-2.75,-0.05,-0.31,0.18,6.78,12:02:59,677.2,37.4219,-122.0839,7,
1000,12:03:00,181,F,DESCENT,663.5,23.9,93.6,4.15,0.32,-0.08,-1.55,0.69,0.24,-0.65,8.33,12:03:00,678.4,37.4219,-122.0839,10,
1000,12:03:01,182,F,DESCENT,664.4,23.5,93.7,4.15,0.32,-2.03,-2.88,-0.51,-0.07,0.35,7.98,12:03:01,683.4,37.4219,-122.0839,9,
1000,12:03:02,183,F,DESCENT,665.7,23.6,93.6,4.13,0.33,-3.0,0.33,0.37,0.04,-0.04,7.85,12:03:02,677.0,37.4219,-122.0839,9,
1000,12:03:03,184,F,DESCENT,663.9,23.6,93.7,4.16,0.31,-1.98,-1.92,-0.0,-0.26,0.37,8.78,12:03:03,685.3,37.4219,-122.0839,9,
1000,12:03:04,185,F,DESCENT,665.2,23.8,93.6,4.14,0.32,-2.68,-1.64,-0.99,-0.1,-0.26,8.05,12:03:04,679.3,37.4219,-122.0839,9,
1000,12:03:05,186,F,DESCENT,660.2,23.7,93.7,4.15,0.31,-1.95,-1.84,-0.86,-0.21,0.11,8.02,12:03:05,681.1,37.4219,-122.0839,7,
1000,12:03:06,187,F,DESCENT,657.2,23.6,93.7,4.15,0.32,-0.64,-5.68,-1.53,-0.16,-0.1,10.47,12:03:06,673.6,37.4219,-122.0839,8,
1000,12:03:07,188,F,DESCENT,650.5,23.5,93.8,4.14,0.32,-0.98,-1.86,-0.91,0.22,0.18,9.2,12:03:07,668.2,37.4219,-122.0839,8,
1000,12:03:08,189,F,DESCENT,645.6,23.8,93.8,4.12,0.31,0.51,-0.38,-1.16,0.14,-0.24,9.67,12:03:08,666.0,37.4219,-122.0839,8,
1000,12:03:09,190,F,DESCENT,639.6,23.8,93.9,4.14,0.33,-1.63,-0.44,-1.69,-0.0,0.21,10.52,12:03:09,653.1,37.4219,-122.0839,8,
1000,12:03:10,191,F,DESCENT,631.3,24.0,94.0,4.14,0.31,2.8,-2.05,-2.39,-0.3,-0.1,9.31,12:03:10,646.7,37.4219,-122.0839,7,
1000,12:03:11,192,F,DESCENT,628.3,23.9,94.1,4.13,0.32,0.82,-2.04,-0.79,0.44,0.73,11.07,12:03:11,643.5,37.4219,-122.0839,8,
1000,12:03:12,193,F,DESCENT,624.8,23.7,94.1,4.12,0.32,2.54,-4.27,-0.44,0.13,0.14,11.09,12:03:12,641.6,37.4219,-122.0839,9,
1000,12:03:13,194,F,DESCENT,625.2,23.9,94.1,4.15,0.33,4.64,1.06,-0.86,-0.05,-0.19,11.83,12:03:13,638.1,37.4219,-122.0839,10,
1000,12:03:14,195,F,DESCENT,624.6,23.8,94.1,4.13,0.32,1.97,-3.38,-0.34,-0.05,-0.47,11.0,12:03:14,641.6,37.4219,-122.0839,9,
1000,12:03:15,196,F,DESCENT,626.6,23.8,94.1,4.13,0.31,4.45,-0.27,-0.36,-0.0,0.14,12.12,12:03:15,643.4,37.4219,-122.0839,8,
1000,12:03:16,197,F,DESCENT,626.9,24.2,94.1,4.14,0.31,0.43,0.83,-1.08,0.62,0.22,12.63,12:03:16,643.4,37.4219,-122.0839,8,
1000,12:03:17,198,F,DESCENT,628.0,23.9,94.0,4.14,0.32,1.36,-0.67,-1.08,0.26,-0.26,11.44,12:03:17,640.3,37.4219,-122.0839,8,
1000,12:03:18,199,F,DESCENT,627.1,24.1,94.1,4.13,0.31,0.26,-1.66,-0.42,0.31,0.43,11.86,12:03:18,636.9,37.4219,-122.0839,7,
1000,12:03:19,200,F,DESCENT,621.8,24.1,94.1,4.14,0.31,4.06,-1.45,-0.92,0.55,-0.07,11.41,12:03:19,636.9,37.4219,-122.0839,8,
1000,12:03:20,201,F,DESCENT,618.4,24.2,94.1,4.15,0.3,2.15,-0.22,-2.0,-0.04,-0.07,12.33,12:03:20,634.5,37.4219,-122.0839,8,
1000,12:03:21,202,F,DESCENT,612.6,24.1,94.2,4.15,0.31,3.66,0.3,-0.23,0.11,-0.19,10.31,12:03:21,630.1,37.4219,-122.0839,8,
1000,12:03:22,203,F,DESCENT,604.4,24.0,94.3,4.13,0.3,4.64,1.14,-2.12,-0.06,-0.47,11.35,12:03:22,618.3,37.4219,-122.0839,8,
1000,12:03:23,204,F,DESCENT,598.5,24.3,94.4,4.14,0.3,2.71,0.74,0.61,0.06,-0.31,9.95,12:03:23,617.0,37.4219,-122.0839,8,
1000,12:03:24,205,F,DESCENT,592.9,24.0,94.4,4.13,0.3,4.71,0.46,1.35,0.18,-0.2,10.15,12:03:24,607.9,37.4219,-122.0839,8,
1000,12:03:25,206,F,DESCENT,592.0,24.2,94.4,4.13,0.3,2.55,3.01,0.68,0.2,0.31,9.81,12:03:25,603.2,37.4219,-122.0839,7,
1000,12:03:26,207,F,DESCENT,587.1,24.3,94.5,4.14,0.29,0.83,1.78,0.47,0.57,-0.67,9.74,12:03:26,602.0,37.4219,-122.0839,9,
1000,12:03:27,208,F,DESCENT,585.8,24.5,94.5,4.14,0.3,1.59,-1.62,0.79,-0.01,-0.11,8.27,12:03:27,594.5,37.4219,-122.0839,9,
1000,12:03:28,209,F,DESCENT,586.5,24.4,94.5,4.13,0.29,0.92,3.29,-0.3,0.21,0.39,9.22,12:03:28,603.9,37.4219,-122.0839,9,
1000,12:03:29,210,F,DESCENT,584.9,24.5,94.6,4.13,0.31,1.16,1.87,-0.94,0.21,0.1,7.99,12:03:29,596.9,37.4219,-122.0839,8,
1000,12:03:30,211,F,PROBE_RELEASE,587.5,24.3,94.5,4.01,0.79,-9.0,12.77,-2.51,0.3,0.39,4.35,12:03:30,602.0,37.4219,-122.0839,7,MEC_RELEASE_ON
1000,12:03:31,212,F,PROBE_RELEASE,587.2,24.1,94.5,4.02,0.86,4.35,-10.03,4.88,0.04,-0.09,12.85,12:03:31,598.2,37.4219,-122.0839,10,MEC_RELEASE_ON
1000,12:03:32,213,F,PROBE_RELEASE,585.4,24.4,94.5,3.98,0.79,0.6,-6.92,15.16,-0.61,-0.3,7.14,12:03:32,601.7,37.4219,-122.0839,8,MEC_RELEASE_ON
1000,12:03:33,214,F,PROBE_RELEASE,583.9,24.4,94.6,4.02,0.67,-16.73,-4.07,-11.1,-0.26,0.42,12.87,12:03:33,601.1,37.4219,-122.0839,8,MEC_RELEASE_ON
1000,12:03:34,215,F,PROBE_RELEASE,578.9,24.4,94.6,3.97,0.76,-0.75,-1.47,-9.47,0.17,-0.14,8.44,12:03:34,594.4,37.4219,-122.0839,8,MEC_RELEASE_ON
1000,12:03:35,216,F,PROBE_RELEASE,572.8,24.2,94.7,3.97,0.67,-2.89,-1.29,3.9,0.05,-0.04,11.12,12:03:35,587.0,37.4219,-122.0839,9,MEC_RELEASE_ON
1000,12:03:36,217,F,PROBE_RELEASE,566.6,24.3,94.8,4.0,0.76,-8.88,-3.17,0.91,0.4,0.02,6.5,12:03:36,587.6,37.4219,-122.0839,7,MEC_RELEASE_ON
1000,12:03:37,218,F,PROBE_RELEASE,560.9,24.5,94.8,3.97,0.85,6.53,-9.28,7.32,0.23,0.13,7.84,12:03:37,573.8,37.4219,-122.0839,8,MEC_RELEASE_ON
1000,12:03:38,219,F,DESCENT,553.7,24.5,94.9,4.13,0.3,-2.17,2.35,-0.33,0.01,-0.18,8.89,12:03:38,570.9,37.4219,-122.0839,7,
1000,12:03:39,220,F,DESCENT,549.8,24.3,94.9,4.11,0.3,-2.82,1.96,-0.7,0.27,-0.27,7.13,12:03:39,560.3,37.4219,-122.0839,8,
1000,12:03:40,221,F,DESCENT,548.2,24.6,94.9,4.12,0.31,-2.97,2.62,-1.25,0.06,0.27,10.33,12:03:40,560.2,37.4219,-122.0839,9,
1000,12:03:41,222,F,DESCENT,547.3,24.7,95.0,4.16,0.29,-2.24,4.15,0.28,-0.39,0.29,8.84,12:03:41,566.3,37.4219,-122.0839,9,
1000,12:03:42,223,F,DESCENT,549.3,24.3,94.9,4.13,0.32,-3.11,-2.15,0.33,-0.16,0.09,9.52,12:03:42,561.2,37.4219,-122.0839,8,
1000,12:03:43,224,F,DESCENT,547.7,24.0,95.0,4.15,0.31,-1.65,4.96,-0.19,-0.43,0.03,11.14,12:03:43,566.7,37.4219,-122.0839,8,
1000,12:03:44,225,F,DESCENT,547.3,24.5,95.0,4.13,0.3,-2.33,3.95,0.59,-0.54,-0.25,11.42,12:03:44,565.8,37.4219,-122.0839,9,
1000,12:03:45,226,F,DESCENT,549.4,24.1,94.9,4.14,0.32,-2.42,2.2,-0.0,0.69,0.19,11.46,12:03:45,562.3,37.4219,-122.0839,8,
1000,12:03:46,227,F,DESCENT,547.1,24.5,95.0,4.14,0.31,-1.17,0.04,-0.28,0.29,-0.1,11.14,12:03:46,559.7,37.4219,-122.0839,10,
1000,12:03:47,228,F,DESCENT,543.1,24.5,95.0,4.12,0.31,-0.89,-0.93,0.25,-0.1,0.18,13.55,12:03:47,561.5,37.4219,-122.0839,8,
1000,12:03:48,229,F,DESCENT,539.3,24.5,95.1,4.13,0.32,-3.39,-1.33,0.75,-0.62,0.32,10.55,12:03:48,555.6,37.4219,-122.0839,7,
1000,12:03:49,230,F,DESCENT,531.7,25.0,95.1,4.13,0.33,-0.18,-1.49,0.39,-0.15,-0.09,11.86,12:03:49,545.7,37.4219,-122.0839,8,
1000,12:03:50,231,F,DESCENT,529.7,24.5,95.1,4.12,0.31,-3.48,-0.48,-0.79,0.26,0.19,11.3,12:03:50,538.6,37.4219,-122.0839,9,
1000,12:03:51,232,F,DESCENT,522.0,24.4,95.2,4.14,0.32,-3.72,-2.01,1.15,-0.04,0.07,10.52,12:03:51,544.5,37.4219,-122.0839,9,
1000,12:03:52,233,F,DESCENT,516.4,24.7,95.3,4.12,0.32,-1.43,-2.61,-0.1,-0.44,0.32,10.8,12:03:52,529.6,37.4219,-122.0839,8,
1000,12:03:53,234,F,DESCENT,511.4,24.8,95.4,4.13,0.34,-1.36,-0.3,1.32,0.61,-0.3,10.7,12:03:53,525.9,37.4219,-122.0839,7,
1000,12:03:54,235,F,DESCENT,509.1,24.8,95.4,4.13,0.32,-0.75,-1.91,0.59,0.03,-0.37,12.25,12:03:54,516.9,37.4219,-122.0839,7,
1000,12:03:55,236,F,DESCENT,507.7,24.9,95.4,4.14,0.32,-2.5,1.37,1.08,0.13,0.05,9.61,12:03:55,528.4,37.4219,-122.0839,8,
1000,12:03:56,237,F,DESCENT,507.6,24.7,95.4,4.13,0.32,-0.44,0.72,1.01,-0.49,0.11,10.31,12:03:56,523.2,37.4219,-122.0839,7,
1000,12:03:57,238,F,DESCENT,509.6,24.7,95.4,4.14,0.31,0.04,-3.96,0.39,-0.25,0.35,9.74,12:03:57,524.4,37.4219,-122.0839,9,
1000,12:03:58,239,F,DESCENT,511.9,24.8,95.3,4.13,0.33,-0.45,-4.84,0.69,0.24,-0.17,7.7,12:03:58,528.6,37.4219,-122.0839,8,
1000,12:03:59,240,F,DESCENT,508.9,24.8,95.4,4.13,0.29,1.37,-3.55,-0.92,-0.29,0.11,9.92,12:03:59,521.6,37.4219,-122.0839,9,
1000,12:04:00,241,F,DESCENT,508.1,24.7,95.4,4.11,0.33,0.74,-2.16,-0.53,-0.31,-0.39,8.72,12:04:00,524.6,37.4219,-122.0839,9,
1000,12:04:01,242,F,DESCENT,504.8,24.5,95.4,4.12,0.31,3.18,-2.97,-0.65,0.4,-0.44,9.32,12:04:01,514.5,37.4219,-122.0839,8,
1000,12:04:02,243,F,DESCENT,501.7,24.6,95.5,4.13,0.32,0.18,-3.69,1.14,-0.25,0.26,8.71,12:04:02,513.0,37.4219,-122.0839,9,
